source	end	group	well	seq	name	n	oligoseq
dw	i5	i5.1	A	TAGATCGC	S501	1	AATGATACGGCGACCACCGAGATCTACACTAGATCGCTCGTCGGCAGCGTC
dw	i5	i5.1	B	CTCTCTAT	S502	2	AATGATACGGCGACCACCGAGATCTACACCTCTCTATTCGTCGGCAGCGTC
dw	i5	i5.1	C	TATCCTCT	S503	3	AATGATACGGCGACCACCGAGATCTACACTATCCTCTTCGTCGGCAGCGTC
dw	i5	i5.1	D	AGAGTAGA	S504	4	AATGATACGGCGACCACCGAGATCTACACAGAGTAGATCGTCGGCAGCGTC
dw	i5	i5.1	E	GTAAGGAG	S505	5	AATGATACGGCGACCACCGAGATCTACACGTAAGGAGTCGTCGGCAGCGTC
dw	i5	i5.1	F	ACTGCATA	S506	6	AATGATACGGCGACCACCGAGATCTACACACTGCATATCGTCGGCAGCGTC
dw	i5	i5.1	G	AAGGAGTA	S507	7	AATGATACGGCGACCACCGAGATCTACACAAGGAGTATCGTCGGCAGCGTC
dw	i5	i5.1	H	CTAAGCCT	S508	8	AATGATACGGCGACCACCGAGATCTACACCTAAGCCTTCGTCGGCAGCGTC
dw	i5	i5.2	A	GGCTACTC	S509	9	AATGATACGGCGACCACCGAGATCTACACGGCTACTCTCGTCGGCAGCGTC
dw	i5	i5.2	B	CCTCAGAC	S510	10	AATGATACGGCGACCACCGAGATCTACACCCTCAGACTCGTCGGCAGCGTC
dw	i5	i5.2	C	TCCTTACG	S511	11	AATGATACGGCGACCACCGAGATCTACACTCCTTACGTCGTCGGCAGCGTC
dw	i5	i5.2	D	ACGCGTGG	S512	12	AATGATACGGCGACCACCGAGATCTACACACGCGTGGTCGTCGGCAGCGTC
dw	i5	i5.2	E	GGAACTCC	S513	13	AATGATACGGCGACCACCGAGATCTACACGGAACTCCTCGTCGGCAGCGTC
dw	i5	i5.2	F	TGGCCATG	S514	14	AATGATACGGCGACCACCGAGATCTACACTGGCCATGTCGTCGGCAGCGTC
dw	i5	i5.2	G	GAGAGATT	S515	15	AATGATACGGCGACCACCGAGATCTACACGAGAGATTTCGTCGGCAGCGTC
dw	i5	i5.2	H	CGCGGTTA	S516	16	AATGATACGGCGACCACCGAGATCTACACCGCGGTTATCGTCGGCAGCGTC
dw	i5	i5.3	A	GACCGCCA	S517B	17	AATGATACGGCGACCACCGAGATCTACACGACCGCCATCGTCGGCAGCGTC
dw	i5	i5.3	B	TAAGATGG	S518	18	AATGATACGGCGACCACCGAGATCTACACTAAGATGGTCGTCGGCAGCGTC
dw	i5	i5.3	C	ATTGACAT	S519	19	AATGATACGGCGACCACCGAGATCTACACATTGACATTCGTCGGCAGCGTC
dw	i5	i5.3	D	AGCCAACT	S520	20	AATGATACGGCGACCACCGAGATCTACACAGCCAACTTCGTCGGCAGCGTC
dw	i5	i5.3	E	TACTAGGT	S521	21	AATGATACGGCGACCACCGAGATCTACACTACTAGGTTCGTCGGCAGCGTC
dw	i5	i5.3	F	TCACGGTT	S522	22	AATGATACGGCGACCACCGAGATCTACACTCACGGTTTCGTCGGCAGCGTC
dw	i5	i5.3	G	TGTAATGA	S523	23	AATGATACGGCGACCACCGAGATCTACACTGTAATGATCGTCGGCAGCGTC
dw	i5	i5.3	H	CACGTCAG	S524	24	AATGATACGGCGACCACCGAGATCTACACCACGTCAGTCGTCGGCAGCGTC
dw	i5	i5.4	A	GTGAACCA	G-48130	25	AATGATACGGCGACCACCGAGATCTACACGTGAACCATCGTCGGCAGCGTC
dw	i5	i5.4	B	AGTCCTTC	G-48131	26	AATGATACGGCGACCACCGAGATCTACACAGTCCTTCTCGTCGGCAGCGTC
dw	i5	i5.4	C	AGCTAGAG	G-48132	27	AATGATACGGCGACCACCGAGATCTACACAGCTAGAGTCGTCGGCAGCGTC
dw	i5	i5.4	D	AGGTTGCA	G-48133	28	AATGATACGGCGACCACCGAGATCTACACAGGTTGCATCGTCGGCAGCGTC
dw	i5	i5.4	E	TCTCTGGA	G-48134	29	AATGATACGGCGACCACCGAGATCTACACTCTCTGGATCGTCGGCAGCGTC
dw	i5	i5.4	F	GTGCTGAA	G-48139	30	AATGATACGGCGACCACCGAGATCTACACGTGCTGAATCGTCGGCAGCGTC
dw	i5	i5.4	G	CTGTGCTA	G-48142	31	AATGATACGGCGACCACCGAGATCTACACCTGTGCTATCGTCGGCAGCGTC
dw	i5	i5.4	H	GGCCATAA	G-48144	32	AATGATACGGCGACCACCGAGATCTACACGGCCATAATCGTCGGCAGCGTC
dw	i5	i5.5	A	TCGGTTCA	G-48145	33	AATGATACGGCGACCACCGAGATCTACACTCGGTTCATCGTCGGCAGCGTC
dw	i5	i5.5	B	CGGAAGAA	G-48147	34	AATGATACGGCGACCACCGAGATCTACACCGGAAGAATCGTCGGCAGCGTC
dw	i5	i5.5	C	ATGTCGTG	G-48148	35	AATGATACGGCGACCACCGAGATCTACACATGTCGTGTCGTCGGCAGCGTC
dw	i5	i5.5	D	GACAATGC	G-48150	36	AATGATACGGCGACCACCGAGATCTACACGACAATGCTCGTCGGCAGCGTC
dw	i5	i5.5	E	GCACTAAC	G-48151	37	AATGATACGGCGACCACCGAGATCTACACGCACTAACTCGTCGGCAGCGTC
dw	i5	i5.5	F	AGGAACTG	G-48157	38	AATGATACGGCGACCACCGAGATCTACACAGGAACTGTCGTCGGCAGCGTC
dw	i5	i5.5	G	AGCACCAA	G-48161	39	AATGATACGGCGACCACCGAGATCTACACAGCACCAATCGTCGGCAGCGTC
dw	i5	i5.5	H	TGAGGCAT	G-48162	40	AATGATACGGCGACCACCGAGATCTACACTGAGGCATTCGTCGGCAGCGTC
dw	i5	i5.6	A	TGTCGAAC	G-48163	41	AATGATACGGCGACCACCGAGATCTACACTGTCGAACTCGTCGGCAGCGTC
dw	i5	i5.6	B	GTGATAGG	G-48165	42	AATGATACGGCGACCACCGAGATCTACACGTGATAGGTCGTCGGCAGCGTC
dw	i5	i5.6	C	GTTCGAGA	G-48167	43	AATGATACGGCGACCACCGAGATCTACACGTTCGAGATCGTCGGCAGCGTC
dw	i5	i5.6	D	GTTAGCTC	G-48168	44	AATGATACGGCGACCACCGAGATCTACACGTTAGCTCTCGTCGGCAGCGTC
dw	i5	i5.6	E	CTTGAGGA	G-48169	45	AATGATACGGCGACCACCGAGATCTACACCTTGAGGATCGTCGGCAGCGTC
dw	i5	i5.6	F	ACGCACAA	G-48170	46	AATGATACGGCGACCACCGAGATCTACACACGCACAATCGTCGGCAGCGTC
dw	i5	i5.6	G	GTCACAAC	G-48171	47	AATGATACGGCGACCACCGAGATCTACACGTCACAACTCGTCGGCAGCGTC
dw	i5	i5.6	H	AACTCTCG	G-48173	48	AATGATACGGCGACCACCGAGATCTACACAACTCTCGTCGTCGGCAGCGTC
dw	i5	i5.7	A	CAATGGTC	G-48174	49	AATGATACGGCGACCACCGAGATCTACACCAATGGTCTCGTCGGCAGCGTC
dw	i5	i5.7	B	CACTGAGA	G-48175	50	AATGATACGGCGACCACCGAGATCTACACCACTGAGATCGTCGGCAGCGTC
dw	i5	i5.7	C	TTGTGAGC	G-48176	51	AATGATACGGCGACCACCGAGATCTACACTTGTGAGCTCGTCGGCAGCGTC
dw	i5	i5.7	D	ATGGATGC	G-48178	52	AATGATACGGCGACCACCGAGATCTACACATGGATGCTCGTCGGCAGCGTC
dw	i5	i5.7	E	TCCAACAG	G-48179	53	AATGATACGGCGACCACCGAGATCTACACTCCAACAGTCGTCGGCAGCGTC
dw	i5	i5.7	F	TCGAAGTC	G-48180	54	AATGATACGGCGACCACCGAGATCTACACTCGAAGTCTCGTCGGCAGCGTC
dw	i5	i5.7	G	TCGTGGAA	G-48183	55	AATGATACGGCGACCACCGAGATCTACACTCGTGGAATCGTCGGCAGCGTC
dw	i5	i5.7	H	AAGGTACC	G-48185	56	AATGATACGGCGACCACCGAGATCTACACAAGGTACCTCGTCGGCAGCGTC
dw	i5	i5.8	A	ATAGCCTC	G-48186	57	AATGATACGGCGACCACCGAGATCTACACATAGCCTCTCGTCGGCAGCGTC
dw	i5	i5.8	B	TGTTAGCC	G-48190	58	AATGATACGGCGACCACCGAGATCTACACTGTTAGCCTCGTCGGCAGCGTC
dw	i5	i5.8	C	AGTTCAGG	G-48191	59	AATGATACGGCGACCACCGAGATCTACACAGTTCAGGTCGTCGGCAGCGTC
dw	i5	i5.8	D	TGTAGGTG	G-48192	60	AATGATACGGCGACCACCGAGATCTACACTGTAGGTGTCGTCGGCAGCGTC
dw	i5	i5.8	E	TGCGTGAA	G-48193	61	AATGATACGGCGACCACCGAGATCTACACTGCGTGAATCGTCGGCAGCGTC
dw	i5	i5.8	F	ATACGTCC	G-48194	62	AATGATACGGCGACCACCGAGATCTACACATACGTCCTCGTCGGCAGCGTC
dw	i5	i5.8	G	CATAGACC	G-48195	63	AATGATACGGCGACCACCGAGATCTACACCATAGACCTCGTCGGCAGCGTC
dw	i5	i5.8	H	CGGTTAAC	G-48196	64	AATGATACGGCGACCACCGAGATCTACACCGGTTAACTCGTCGGCAGCGTC
dw	i5	i5.9	A	AGCATTGG	G-48199	65	AATGATACGGCGACCACCGAGATCTACACAGCATTGGTCGTCGGCAGCGTC
dw	i5	i5.9	B	CTAGGAAC	G-48202	66	AATGATACGGCGACCACCGAGATCTACACCTAGGAACTCGTCGGCAGCGTC
dw	i5	i5.9	C	CCGTAACA	G-48204	67	AATGATACGGCGACCACCGAGATCTACACCCGTAACATCGTCGGCAGCGTC
dw	i5	i5.9	D	TTACCGAC	G-48206	68	AATGATACGGCGACCACCGAGATCTACACTTACCGACTCGTCGGCAGCGTC
dw	i5	i5.9	E	GCAGAGAA	G-48207	69	AATGATACGGCGACCACCGAGATCTACACGCAGAGAATCGTCGGCAGCGTC
dw	i5	i5.9	F	TTGCCTGA	G-48209	70	AATGATACGGCGACCACCGAGATCTACACTTGCCTGATCGTCGGCAGCGTC
dw	i5	i5.9	G	CTGACTTC	G-48210	71	AATGATACGGCGACCACCGAGATCTACACCTGACTTCTCGTCGGCAGCGTC
dw	i5	i5.9	H	AGACGGAA	G-48211	72	AATGATACGGCGACCACCGAGATCTACACAGACGGAATCGTCGGCAGCGTC
new	i5	i5.10	A	GGTTGCAA	KM5-01	73	AATGATACGGCGACCACCGAGATCTACACGGTTGCAATCGTCGGCAGCGTC
new	i5	i5.10	B	CAGCGTAA	KM5-02	74	AATGATACGGCGACCACCGAGATCTACACCAGCGTAATCGTCGGCAGCGTC
new	i5	i5.10	C	GCGACTAA	KM5-03	75	AATGATACGGCGACCACCGAGATCTACACGCGACTAATCGTCGGCAGCGTC
new	i5	i5.10	D	ACCAAGGA	KM5-04	76	AATGATACGGCGACCACCGAGATCTACACACCAAGGATCGTCGGCAGCGTC
new	i5	i5.10	E	AATGGCGA	KM5-05	77	AATGATACGGCGACCACCGAGATCTACACAATGGCGATCGTCGGCAGCGTC
new	i5	i5.10	F	CCTTGAAG	KM5-06	78	AATGATACGGCGACCACCGAGATCTACACCCTTGAAGTCGTCGGCAGCGTC
new	i5	i5.10	G	CAGACAAG	KM5-07	79	AATGATACGGCGACCACCGAGATCTACACCAGACAAGTCGTCGGCAGCGTC
new	i5	i5.10	H	TTGGAGAG	KM5-08	80	AATGATACGGCGACCACCGAGATCTACACTTGGAGAGTCGTCGGCAGCGTC
new	i5	i5.11	A	ACGATGAG	KM5-09	81	AATGATACGGCGACCACCGAGATCTACACACGATGAGTCGTCGGCAGCGTC
new	i5	i5.11	B	GCATAAGG	KM5-10	82	AATGATACGGCGACCACCGAGATCTACACGCATAAGGTCGTCGGCAGCGTC
new	i5	i5.11	C	ATTCAGCG	KM5-11	83	AATGATACGGCGACCACCGAGATCTACACATTCAGCGTCGTCGGCAGCGTC
new	i5	i5.11	D	CTCGAATG	KM5-12	84	AATGATACGGCGACCACCGAGATCTACACCTCGAATGTCGTCGGCAGCGTC
new	i5	i5.11	E	ATCCTCTG	KM5-13	85	AATGATACGGCGACCACCGAGATCTACACATCCTCTGTCGTCGGCAGCGTC
new	i5	i5.11	F	GAGTAGAC	KM5-14	86	AATGATACGGCGACCACCGAGATCTACACGAGTAGACTCGTCGGCAGCGTC
new	i5	i5.11	G	AACCTGAC	KM5-15	87	AATGATACGGCGACCACCGAGATCTACACAACCTGACTCGTCGGCAGCGTC
new	i5	i5.11	H	ATTACGGC	KM5-16	88	AATGATACGGCGACCACCGAGATCTACACATTACGGCTCGTCGGCAGCGTC
new	i5	i5.12	A	CATTACGC	KM5-17	89	AATGATACGGCGACCACCGAGATCTACACCATTACGCTCGTCGGCAGCGTC
new	i5	i5.12	B	GCCTTCAT	KM5-18	90	AATGATACGGCGACCACCGAGATCTACACGCCTTCATTCGTCGGCAGCGTC
new	i5	i5.12	C	CCGGATAT	KM5-19	91	AATGATACGGCGACCACCGAGATCTACACCCGGATATTCGTCGGCAGCGTC
new	i5	i5.12	D	TCGCAAGT	KM5-20	92	AATGATACGGCGACCACCGAGATCTACACTCGCAAGTTCGTCGGCAGCGTC
new	i5	i5.12	E	ACATCCGT	KM5-21	93	AATGATACGGCGACCACCGAGATCTACACACATCCGTTCGTCGGCAGCGTC
new	i5	i5.12	F	ACGACACT	KM5-22	94	AATGATACGGCGACCACCGAGATCTACACACGACACTTCGTCGGCAGCGTC
new	i5	i5.12	G	GATTGGCT	KM5-23	95	AATGATACGGCGACCACCGAGATCTACACGATTGGCTTCGTCGGCAGCGTC
new	i5	i5.12	H	CGAGAGTT	KM5-24	96	AATGATACGGCGACCACCGAGATCTACACCGAGAGTTTCGTCGGCAGCGTC
