i7,well,index.i7,gnum.i7
i7.1,A01,TCGCCTTA,N701
i7.1,B01,TCGCCTTA,N701
i7.1,C01,TCGCCTTA,N701
i7.1,D01,TCGCCTTA,N701
i7.1,E01,TCGCCTTA,N701
i7.1,F01,TCGCCTTA,N701
i7.1,G01,TCGCCTTA,N701
i7.1,H01,TCGCCTTA,N701
i7.1,A02,CTAGTACG,N702
i7.1,B02,CTAGTACG,N702
i7.1,C02,CTAGTACG,N702
i7.1,D02,CTAGTACG,N702
i7.1,E02,CTAGTACG,N702
i7.1,F02,CTAGTACG,N702
i7.1,G02,CTAGTACG,N702
i7.1,H02,CTAGTACG,N702
i7.1,A03,TTCTGCCT,N703
i7.1,B03,TTCTGCCT,N703
i7.1,C03,TTCTGCCT,N703
i7.1,D03,TTCTGCCT,N703
i7.1,E03,TTCTGCCT,N703
i7.1,F03,TTCTGCCT,N703
i7.1,G03,TTCTGCCT,N703
i7.1,H03,TTCTGCCT,N703
i7.1,A04,GCTCAGGA,N704
i7.1,B04,GCTCAGGA,N704
i7.1,C04,GCTCAGGA,N704
i7.1,D04,GCTCAGGA,N704
i7.1,E04,GCTCAGGA,N704
i7.1,F04,GCTCAGGA,N704
i7.1,G04,GCTCAGGA,N704
i7.1,H04,GCTCAGGA,N704
i7.1,A05,AGGAGTCC,N705
i7.1,B05,AGGAGTCC,N705
i7.1,C05,AGGAGTCC,N705
i7.1,D05,AGGAGTCC,N705
i7.1,E05,AGGAGTCC,N705
i7.1,F05,AGGAGTCC,N705
i7.1,G05,AGGAGTCC,N705
i7.1,H05,AGGAGTCC,N705
i7.1,A06,CATGCCTA,N706
i7.1,B06,CATGCCTA,N706
i7.1,C06,CATGCCTA,N706
i7.1,D06,CATGCCTA,N706
i7.1,E06,CATGCCTA,N706
i7.1,F06,CATGCCTA,N706
i7.1,G06,CATGCCTA,N706
i7.1,H06,CATGCCTA,N706
i7.1,A07,GTAGAGAG,N707
i7.1,B07,GTAGAGAG,N707
i7.1,C07,GTAGAGAG,N707
i7.1,D07,GTAGAGAG,N707
i7.1,E07,GTAGAGAG,N707
i7.1,F07,GTAGAGAG,N707
i7.1,G07,GTAGAGAG,N707
i7.1,H07,GTAGAGAG,N707
i7.1,A08,CCTCTCTG,N708
i7.1,B08,CCTCTCTG,N708
i7.1,C08,CCTCTCTG,N708
i7.1,D08,CCTCTCTG,N708
i7.1,E08,CCTCTCTG,N708
i7.1,F08,CCTCTCTG,N708
i7.1,G08,CCTCTCTG,N708
i7.1,H08,CCTCTCTG,N708
i7.1,A09,AGCGTAGC,N709
i7.1,B09,AGCGTAGC,N709
i7.1,C09,AGCGTAGC,N709
i7.1,D09,AGCGTAGC,N709
i7.1,E09,AGCGTAGC,N709
i7.1,F09,AGCGTAGC,N709
i7.1,G09,AGCGTAGC,N709
i7.1,H09,AGCGTAGC,N709
i7.1,A10,CAGCCTCG,N710
i7.1,B10,CAGCCTCG,N710
i7.1,C10,CAGCCTCG,N710
i7.1,D10,CAGCCTCG,N710
i7.1,E10,CAGCCTCG,N710
i7.1,F10,CAGCCTCG,N710
i7.1,G10,CAGCCTCG,N710
i7.1,H10,CAGCCTCG,N710
i7.1,A11,TGCCTCTT,N711
i7.1,B11,TGCCTCTT,N711
i7.1,C11,TGCCTCTT,N711
i7.1,D11,TGCCTCTT,N711
i7.1,E11,TGCCTCTT,N711
i7.1,F11,TGCCTCTT,N711
i7.1,G11,TGCCTCTT,N711
i7.1,H11,TGCCTCTT,N711
i7.1,A12,TCCTCTAC,N712
i7.1,B12,TCCTCTAC,N712
i7.1,C12,TCCTCTAC,N712
i7.1,D12,TCCTCTAC,N712
i7.1,E12,TCCTCTAC,N712
i7.1,F12,TCCTCTAC,N712
i7.1,G12,TCCTCTAC,N712
i7.1,H12,TCCTCTAC,N712
i7.2,A01,TCATGAGC,N714
i7.2,B01,TCATGAGC,N714
i7.2,C01,TCATGAGC,N714
i7.2,D01,TCATGAGC,N714
i7.2,E01,TCATGAGC,N714
i7.2,F01,TCATGAGC,N714
i7.2,G01,TCATGAGC,N714
i7.2,H01,TCATGAGC,N714
i7.2,A02,CCTGAGAT,N715
i7.2,B02,CCTGAGAT,N715
i7.2,C02,CCTGAGAT,N715
i7.2,D02,CCTGAGAT,N715
i7.2,E02,CCTGAGAT,N715
i7.2,F02,CCTGAGAT,N715
i7.2,G02,CCTGAGAT,N715
i7.2,H02,CCTGAGAT,N715
i7.2,A03,TAGCGAGT,N716
i7.2,B03,TAGCGAGT,N716
i7.2,C03,TAGCGAGT,N716
i7.2,D03,TAGCGAGT,N716
i7.2,E03,TAGCGAGT,N716
i7.2,F03,TAGCGAGT,N716
i7.2,G03,TAGCGAGT,N716
i7.2,H03,TAGCGAGT,N716
i7.2,A04,GTAGCTCC,N718
i7.2,B04,GTAGCTCC,N718
i7.2,C04,GTAGCTCC,N718
i7.2,D04,GTAGCTCC,N718
i7.2,E04,GTAGCTCC,N718
i7.2,F04,GTAGCTCC,N718
i7.2,G04,GTAGCTCC,N718
i7.2,H04,GTAGCTCC,N718
i7.2,A05,TACTACGC,N719
i7.2,B05,TACTACGC,N719
i7.2,C05,TACTACGC,N719
i7.2,D05,TACTACGC,N719
i7.2,E05,TACTACGC,N719
i7.2,F05,TACTACGC,N719
i7.2,G05,TACTACGC,N719
i7.2,H05,TACTACGC,N719
i7.2,A06,AGGCTCCG,N720
i7.2,B06,AGGCTCCG,N720
i7.2,C06,AGGCTCCG,N720
i7.2,D06,AGGCTCCG,N720
i7.2,E06,AGGCTCCG,N720
i7.2,F06,AGGCTCCG,N720
i7.2,G06,AGGCTCCG,N720
i7.2,H06,AGGCTCCG,N720
i7.2,A07,GCAGCGTA,N721
i7.2,B07,GCAGCGTA,N721
i7.2,C07,GCAGCGTA,N721
i7.2,D07,GCAGCGTA,N721
i7.2,E07,GCAGCGTA,N721
i7.2,F07,GCAGCGTA,N721
i7.2,G07,GCAGCGTA,N721
i7.2,H07,GCAGCGTA,N721
i7.2,A08,CTGCGCAT,N722
i7.2,B08,CTGCGCAT,N722
i7.2,C08,CTGCGCAT,N722
i7.2,D08,CTGCGCAT,N722
i7.2,E08,CTGCGCAT,N722
i7.2,F08,CTGCGCAT,N722
i7.2,G08,CTGCGCAT,N722
i7.2,H08,CTGCGCAT,N722
i7.2,A09,GAGCGCTA,N723
i7.2,B09,GAGCGCTA,N723
i7.2,C09,GAGCGCTA,N723
i7.2,D09,GAGCGCTA,N723
i7.2,E09,GAGCGCTA,N723
i7.2,F09,GAGCGCTA,N723
i7.2,G09,GAGCGCTA,N723
i7.2,H09,GAGCGCTA,N723
i7.2,A10,CGCTCAGT,N724
i7.2,B10,CGCTCAGT,N724
i7.2,C10,CGCTCAGT,N724
i7.2,D10,CGCTCAGT,N724
i7.2,E10,CGCTCAGT,N724
i7.2,F10,CGCTCAGT,N724
i7.2,G10,CGCTCAGT,N724
i7.2,H10,CGCTCAGT,N724
i7.2,A11,GTCTTAGG,N726
i7.2,B11,GTCTTAGG,N726
i7.2,C11,GTCTTAGG,N726
i7.2,D11,GTCTTAGG,N726
i7.2,E11,GTCTTAGG,N726
i7.2,F11,GTCTTAGG,N726
i7.2,G11,GTCTTAGG,N726
i7.2,H11,GTCTTAGG,N726
i7.2,A12,ACTGATCG,N727
i7.2,B12,ACTGATCG,N727
i7.2,C12,ACTGATCG,N727
i7.2,D12,ACTGATCG,N727
i7.2,E12,ACTGATCG,N727
i7.2,F12,ACTGATCG,N727
i7.2,G12,ACTGATCG,N727
i7.2,H12,ACTGATCG,N727
i7.5,A01,TGCTGATA,G-45695
i7.5,B01,TGCTGATA,G-45695
i7.5,C01,TGCTGATA,G-45695
i7.5,D01,TGCTGATA,G-45695
i7.5,E01,TGCTGATA,G-45695
i7.5,F01,TGCTGATA,G-45695
i7.5,G01,TGCTGATA,G-45695
i7.5,H01,TGCTGATA,G-45695
i7.5,A02,TAGACGGA,G-45696
i7.5,B02,TAGACGGA,G-45696
i7.5,C02,TAGACGGA,G-45696
i7.5,D02,TAGACGGA,G-45696
i7.5,E02,TAGACGGA,G-45696
i7.5,F02,TAGACGGA,G-45696
i7.5,G02,TAGACGGA,G-45696
i7.5,H02,TAGACGGA,G-45696
i7.5,A03,TGTGAAGA,G-45697
i7.5,B03,TGTGAAGA,G-45697
i7.5,C03,TGTGAAGA,G-45697
i7.5,D03,TGTGAAGA,G-45697
i7.5,E03,TGTGAAGA,G-45697
i7.5,F03,TGTGAAGA,G-45697
i7.5,G03,TGTGAAGA,G-45697
i7.5,H03,TGTGAAGA,G-45697
i7.5,A04,TGAAGCCA,G-45700
i7.5,B04,TGAAGCCA,G-45700
i7.5,C04,TGAAGCCA,G-45700
i7.5,D04,TGAAGCCA,G-45700
i7.5,E04,TGAAGCCA,G-45700
i7.5,F04,TGAAGCCA,G-45700
i7.5,G04,TGAAGCCA,G-45700
i7.5,H04,TGAAGCCA,G-45700
i7.5,A05,TGCGTGAA,G-45702
i7.5,B05,TGCGTGAA,G-45702
i7.5,C05,TGCGTGAA,G-45702
i7.5,D05,TGCGTGAA,G-45702
i7.5,E05,TGCGTGAA,G-45702
i7.5,F05,TGCGTGAA,G-45702
i7.5,G05,TGCGTGAA,G-45702
i7.5,H05,TGCGTGAA,G-45702
i7.5,A06,GTGTCCTT,G-45705
i7.5,B06,GTGTCCTT,G-45705
i7.5,C06,GTGTCCTT,G-45705
i7.5,D06,GTGTCCTT,G-45705
i7.5,E06,GTGTCCTT,G-45705
i7.5,F06,GTGTCCTT,G-45705
i7.5,G06,GTGTCCTT,G-45705
i7.5,H06,GTGTCCTT,G-45705
i7.5,A07,GACGGATT,G-48072
i7.5,B07,GACGGATT,G-48072
i7.5,C07,GACGGATT,G-48072
i7.5,D07,GACGGATT,G-48072
i7.5,E07,GACGGATT,G-48072
i7.5,F07,GACGGATT,G-48072
i7.5,G07,GACGGATT,G-48072
i7.5,H07,GACGGATT,G-48072
i7.5,A08,GGTCGTGT,G-48074
i7.5,B08,GGTCGTGT,G-48074
i7.5,C08,GGTCGTGT,G-48074
i7.5,D08,GGTCGTGT,G-48074
i7.5,E08,GGTCGTGT,G-48074
i7.5,F08,GGTCGTGT,G-48074
i7.5,G08,GGTCGTGT,G-48074
i7.5,H08,GGTCGTGT,G-48074
i7.5,A09,GAATCTGT,G-48075
i7.5,B09,GAATCTGT,G-48075
i7.5,C09,GAATCTGT,G-48075
i7.5,D09,GAATCTGT,G-48075
i7.5,E09,GAATCTGT,G-48075
i7.5,F09,GAATCTGT,G-48075
i7.5,G09,GAATCTGT,G-48075
i7.5,H09,GAATCTGT,G-48075
i7.5,A10,GAGGTGCT,G-48077
i7.5,B10,GAGGTGCT,G-48077
i7.5,C10,GAGGTGCT,G-48077
i7.5,D10,GAGGTGCT,G-48077
i7.5,E10,GAGGTGCT,G-48077
i7.5,F10,GAGGTGCT,G-48077
i7.5,G10,GAGGTGCT,G-48077
i7.5,H10,GAGGTGCT,G-48077
i7.5,A11,GCATGGCT,G-48078
i7.5,B11,GCATGGCT,G-48078
i7.5,C11,GCATGGCT,G-48078
i7.5,D11,GCATGGCT,G-48078
i7.5,E11,GCATGGCT,G-48078
i7.5,F11,GCATGGCT,G-48078
i7.5,G11,GCATGGCT,G-48078
i7.5,H11,GCATGGCT,G-48078
i7.5,A12,GGAATGAT,G-48081
i7.5,B12,GGAATGAT,G-48081
i7.5,C12,GGAATGAT,G-48081
i7.5,D12,GGAATGAT,G-48081
i7.5,E12,GGAATGAT,G-48081
i7.5,F12,GGAATGAT,G-48081
i7.5,G12,GGAATGAT,G-48081
i7.5,H12,GGAATGAT,G-48081
i7.6,A01,TCCGAATC,G-48129
i7.6,B01,TCCGAATC,G-48129
i7.6,C01,TCCGAATC,G-48129
i7.6,D01,TCCGAATC,G-48129
i7.6,E01,TCCGAATC,G-48129
i7.6,F01,TCCGAATC,G-48129
i7.6,G01,TCCGAATC,G-48129
i7.6,H01,TCCGAATC,G-48129
i7.6,A02,CCGTAATG,G-48135
i7.6,B02,CCGTAATG,G-48135
i7.6,C02,CCGTAATG,G-48135
i7.6,D02,CCGTAATG,G-48135
i7.6,E02,CCGTAATG,G-48135
i7.6,F02,CCGTAATG,G-48135
i7.6,G02,CCGTAATG,G-48135
i7.6,H02,CCGTAATG,G-48135
i7.6,A03,TGTACACG,G-48136
i7.6,B03,TGTACACG,G-48136
i7.6,C03,TGTACACG,G-48136
i7.6,D03,TGTACACG,G-48136
i7.6,E03,TGTACACG,G-48136
i7.6,F03,TGTACACG,G-48136
i7.6,G03,TGTACACG,G-48136
i7.6,H03,TGTACACG,G-48136
i7.6,A04,CGAAGATG,G-48137
i7.6,B04,CGAAGATG,G-48137
i7.6,C04,CGAAGATG,G-48137
i7.6,D04,CGAAGATG,G-48137
i7.6,E04,CGAAGATG,G-48137
i7.6,F04,CGAAGATG,G-48137
i7.6,G04,CGAAGATG,G-48137
i7.6,H04,CGAAGATG,G-48137
i7.6,A05,CCTTATGC,G-48138
i7.6,B05,CCTTATGC,G-48138
i7.6,C05,CCTTATGC,G-48138
i7.6,D05,CCTTATGC,G-48138
i7.6,E05,CCTTATGC,G-48138
i7.6,F05,CCTTATGC,G-48138
i7.6,G05,CCTTATGC,G-48138
i7.6,H05,CCTTATGC,G-48138
i7.6,A06,TGGAGGTT,G-48140
i7.6,B06,TGGAGGTT,G-48140
i7.6,C06,TGGAGGTT,G-48140
i7.6,D06,TGGAGGTT,G-48140
i7.6,E06,TGGAGGTT,G-48140
i7.6,F06,TGGAGGTT,G-48140
i7.6,G06,TGGAGGTT,G-48140
i7.6,H06,TGGAGGTT,G-48140
i7.6,A07,ACCACTGT,G-48141
i7.6,B07,ACCACTGT,G-48141
i7.6,C07,ACCACTGT,G-48141
i7.6,D07,ACCACTGT,G-48141
i7.6,E07,ACCACTGT,G-48141
i7.6,F07,ACCACTGT,G-48141
i7.6,G07,ACCACTGT,G-48141
i7.6,H07,ACCACTGT,G-48141
i7.6,A08,TTAGTCGC,G-48143
i7.6,B08,TTAGTCGC,G-48143
i7.6,C08,TTAGTCGC,G-48143
i7.6,D08,TTAGTCGC,G-48143
i7.6,E08,TTAGTCGC,G-48143
i7.6,F08,TTAGTCGC,G-48143
i7.6,G08,TTAGTCGC,G-48143
i7.6,H08,TTAGTCGC,G-48143
i7.6,A09,TTGCAACC,G-48146
i7.6,B09,TTGCAACC,G-48146
i7.6,C09,TTGCAACC,G-48146
i7.6,D09,TTGCAACC,G-48146
i7.6,E09,TTGCAACC,G-48146
i7.6,F09,TTGCAACC,G-48146
i7.6,G09,TTGCAACC,G-48146
i7.6,H09,TTGCAACC,G-48146
i7.6,A10,TGTGGTTC,G-48149
i7.6,B10,TGTGGTTC,G-48149
i7.6,C10,TGTGGTTC,G-48149
i7.6,D10,TGTGGTTC,G-48149
i7.6,E10,TGTGGTTC,G-48149
i7.6,F10,TGTGGTTC,G-48149
i7.6,G10,TGTGGTTC,G-48149
i7.6,H10,TGTGGTTC,G-48149
i7.6,A11,AGCTAGTG,G-48152
i7.6,B11,AGCTAGTG,G-48152
i7.6,C11,AGCTAGTG,G-48152
i7.6,D11,AGCTAGTG,G-48152
i7.6,E11,AGCTAGTG,G-48152
i7.6,F11,AGCTAGTG,G-48152
i7.6,G11,AGCTAGTG,G-48152
i7.6,H11,AGCTAGTG,G-48152
i7.6,A12,TTACCGGT,G-48153
i7.6,B12,TTACCGGT,G-48153
i7.6,C12,TTACCGGT,G-48153
i7.6,D12,TTACCGGT,G-48153
i7.6,E12,TTACCGGT,G-48153
i7.6,F12,TTACCGGT,G-48153
i7.6,G12,TTACCGGT,G-48153
i7.6,H12,TTACCGGT,G-48153
i7.7,A01,GATAGGTG,G-48154
i7.7,B01,GATAGGTG,G-48154
i7.7,C01,GATAGGTG,G-48154
i7.7,D01,GATAGGTG,G-48154
i7.7,E01,GATAGGTG,G-48154
i7.7,F01,GATAGGTG,G-48154
i7.7,G01,GATAGGTG,G-48154
i7.7,H01,GATAGGTG,G-48154
i7.7,A02,CTGGATTC,G-48155
i7.7,B02,CTGGATTC,G-48155
i7.7,C02,CTGGATTC,G-48155
i7.7,D02,CTGGATTC,G-48155
i7.7,E02,CTGGATTC,G-48155
i7.7,F02,CTGGATTC,G-48155
i7.7,G02,CTGGATTC,G-48155
i7.7,H02,CTGGATTC,G-48155
i7.7,A03,ACGTTACC,G-48156
i7.7,B03,ACGTTACC,G-48156
i7.7,C03,ACGTTACC,G-48156
i7.7,D03,ACGTTACC,G-48156
i7.7,E03,ACGTTACC,G-48156
i7.7,F03,ACGTTACC,G-48156
i7.7,G03,ACGTTACC,G-48156
i7.7,H03,ACGTTACC,G-48156
i7.7,A04,GACAAGAC,G-48158
i7.7,B04,GACAAGAC,G-48158
i7.7,C04,GACAAGAC,G-48158
i7.7,D04,GACAAGAC,G-48158
i7.7,E04,GACAAGAC,G-48158
i7.7,F04,GACAAGAC,G-48158
i7.7,G04,GACAAGAC,G-48158
i7.7,H04,GACAAGAC,G-48158
i7.7,A05,CTTCAAGG,G-48159
i7.7,B05,CTTCAAGG,G-48159
i7.7,C05,CTTCAAGG,G-48159
i7.7,D05,CTTCAAGG,G-48159
i7.7,E05,CTTCAAGG,G-48159
i7.7,F05,CTTCAAGG,G-48159
i7.7,G05,CTTCAAGG,G-48159
i7.7,H05,CTTCAAGG,G-48159
i7.7,A06,TCCTTGGT,G-48160
i7.7,B06,TCCTTGGT,G-48160
i7.7,C06,TCCTTGGT,G-48160
i7.7,D06,TCCTTGGT,G-48160
i7.7,E06,TCCTTGGT,G-48160
i7.7,F06,TCCTTGGT,G-48160
i7.7,G06,TCCTTGGT,G-48160
i7.7,H06,TCCTTGGT,G-48160
i7.7,A07,CGCAATGA,G-48164
i7.7,B07,CGCAATGA,G-48164
i7.7,C07,CGCAATGA,G-48164
i7.7,D07,CGCAATGA,G-48164
i7.7,E07,CGCAATGA,G-48164
i7.7,F07,CGCAATGA,G-48164
i7.7,G07,CGCAATGA,G-48164
i7.7,H07,CGCAATGA,G-48164
i7.7,A08,ACAACGAG,G-48166
i7.7,B08,ACAACGAG,G-48166
i7.7,C08,ACAACGAG,G-48166
i7.7,D08,ACAACGAG,G-48166
i7.7,E08,ACAACGAG,G-48166
i7.7,F08,ACAACGAG,G-48166
i7.7,G08,ACAACGAG,G-48166
i7.7,H08,ACAACGAG,G-48166
i7.7,A09,GCCATTAG,G-48172
i7.7,B09,GCCATTAG,G-48172
i7.7,C09,GCCATTAG,G-48172
i7.7,D09,GCCATTAG,G-48172
i7.7,E09,GCCATTAG,G-48172
i7.7,F09,GCCATTAG,G-48172
i7.7,G09,GCCATTAG,G-48172
i7.7,H09,GCCATTAG,G-48172
i7.7,A10,CTCTCCAA,G-48177
i7.7,B10,CTCTCCAA,G-48177
i7.7,C10,CTCTCCAA,G-48177
i7.7,D10,CTCTCCAA,G-48177
i7.7,E10,CTCTCCAA,G-48177
i7.7,F10,CTCTCCAA,G-48177
i7.7,G10,CTCTCCAA,G-48177
i7.7,H10,CTCTCCAA,G-48177
i7.7,A11,CTCTGTTG,G-48181
i7.7,B11,CTCTGTTG,G-48181
i7.7,C11,CTCTGTTG,G-48181
i7.7,D11,CTCTGTTG,G-48181
i7.7,E11,CTCTGTTG,G-48181
i7.7,F11,CTCTGTTG,G-48181
i7.7,G11,CTCTGTTG,G-48181
i7.7,H11,CTCTGTTG,G-48181
i7.7,A12,TGTATGGC,G-48182
i7.7,B12,TGTATGGC,G-48182
i7.7,C12,TGTATGGC,G-48182
i7.7,D12,TGTATGGC,G-48182
i7.7,E12,TGTATGGC,G-48182
i7.7,F12,TGTATGGC,G-48182
i7.7,G12,TGTATGGC,G-48182
i7.7,H12,TGTATGGC,G-48182
i7.8,A01,TTGCTTGG,G-48184
i7.8,B01,TTGCTTGG,G-48184
i7.8,C01,TTGCTTGG,G-48184
i7.8,D01,TTGCTTGG,G-48184
i7.8,E01,TTGCTTGG,G-48184
i7.8,F01,TTGCTTGG,G-48184
i7.8,G01,TTGCTTGG,G-48184
i7.8,H01,TTGCTTGG,G-48184
i7.8,A02,TGGTCTCT,G-48187
i7.8,B02,TGGTCTCT,G-48187
i7.8,C02,TGGTCTCT,G-48187
i7.8,D02,TGGTCTCT,G-48187
i7.8,E02,TGGTCTCT,G-48187
i7.8,F02,TGGTCTCT,G-48187
i7.8,G02,TGGTCTCT,G-48187
i7.8,H02,TGGTCTCT,G-48187
i7.8,A03,CACTTGAG,G-48188
i7.8,B03,CACTTGAG,G-48188
i7.8,C03,CACTTGAG,G-48188
i7.8,D03,CACTTGAG,G-48188
i7.8,E03,CACTTGAG,G-48188
i7.8,F03,CACTTGAG,G-48188
i7.8,G03,CACTTGAG,G-48188
i7.8,H03,CACTTGAG,G-48188
i7.8,A04,TCGGATGT,G-48189
i7.8,B04,TCGGATGT,G-48189
i7.8,C04,TCGGATGT,G-48189
i7.8,D04,TCGGATGT,G-48189
i7.8,E04,TCGGATGT,G-48189
i7.8,F04,TCGGATGT,G-48189
i7.8,G04,TCGGATGT,G-48189
i7.8,H04,TCGGATGT,G-48189
i7.8,A05,CTAACAGC,G-48197
i7.8,B05,CTAACAGC,G-48197
i7.8,C05,CTAACAGC,G-48197
i7.8,D05,CTAACAGC,G-48197
i7.8,E05,CTAACAGC,G-48197
i7.8,F05,CTAACAGC,G-48197
i7.8,G05,CTAACAGC,G-48197
i7.8,H05,CTAACAGC,G-48197
i7.8,A06,ACATTCGG,G-48198
i7.8,B06,ACATTCGG,G-48198
i7.8,C06,ACATTCGG,G-48198
i7.8,D06,ACATTCGG,G-48198
i7.8,E06,ACATTCGG,G-48198
i7.8,F06,ACATTCGG,G-48198
i7.8,G06,ACATTCGG,G-48198
i7.8,H06,ACATTCGG,G-48198
i7.8,A07,AGTGACAC,G-48200
i7.8,B07,AGTGACAC,G-48200
i7.8,C07,AGTGACAC,G-48200
i7.8,D07,AGTGACAC,G-48200
i7.8,E07,AGTGACAC,G-48200
i7.8,F07,AGTGACAC,G-48200
i7.8,G07,AGTGACAC,G-48200
i7.8,H07,AGTGACAC,G-48200
i7.8,A08,CTCATCGT,G-48201
i7.8,B08,CTCATCGT,G-48201
i7.8,C08,CTCATCGT,G-48201
i7.8,D08,CTCATCGT,G-48201
i7.8,E08,CTCATCGT,G-48201
i7.8,F08,CTCATCGT,G-48201
i7.8,G08,CTCATCGT,G-48201
i7.8,H08,CTCATCGT,G-48201
i7.8,A09,ATGAACGC,G-48203
i7.8,B09,ATGAACGC,G-48203
i7.8,C09,ATGAACGC,G-48203
i7.8,D09,ATGAACGC,G-48203
i7.8,E09,ATGAACGC,G-48203
i7.8,F09,ATGAACGC,G-48203
i7.8,G09,ATGAACGC,G-48203
i7.8,H09,ATGAACGC,G-48203
i7.8,A10,TTACGCTG,G-48205
i7.8,B10,TTACGCTG,G-48205
i7.8,C10,TTACGCTG,G-48205
i7.8,D10,TTACGCTG,G-48205
i7.8,E10,TTACGCTG,G-48205
i7.8,F10,TTACGCTG,G-48205
i7.8,G10,TTACGCTG,G-48205
i7.8,H10,TTACGCTG,G-48205
i7.8,A11,GGTTGGAA,G-48208
i7.8,B11,GGTTGGAA,G-48208
i7.8,C11,GGTTGGAA,G-48208
i7.8,D11,GGTTGGAA,G-48208
i7.8,E11,GGTTGGAA,G-48208
i7.8,F11,GGTTGGAA,G-48208
i7.8,G11,GGTTGGAA,G-48208
i7.8,H11,GGTTGGAA,G-48208
i7.8,A12,CAGATTGC,G-48212
i7.8,B12,CAGATTGC,G-48212
i7.8,C12,CAGATTGC,G-48212
i7.8,D12,CAGATTGC,G-48212
i7.8,E12,CAGATTGC,G-48212
i7.8,F12,CAGATTGC,G-48212
i7.8,G12,CAGATTGC,G-48212
i7.8,H12,CAGATTGC,G-48212
i7.3,A01,TCATCCTA,G-45694
i7.3,B01,TCATCCTA,G-45694
i7.3,C01,TCATCCTA,G-45694
i7.3,D01,TCATCCTA,G-45694
i7.3,E01,TCATCCTA,G-45694
i7.3,F01,TCATCCTA,G-45694
i7.3,G01,TCATCCTA,G-45694
i7.3,H01,TCATCCTA,G-45694
i7.3,A02,TGCTGATA,G-45695
i7.3,B02,TGCTGATA,G-45695
i7.3,C02,TGCTGATA,G-45695
i7.3,D02,TGCTGATA,G-45695
i7.3,E02,TGCTGATA,G-45695
i7.3,F02,TGCTGATA,G-45695
i7.3,G02,TGCTGATA,G-45695
i7.3,H02,TGCTGATA,G-45695
i7.3,A03,TAGACGGA,G-45696
i7.3,B03,TAGACGGA,G-45696
i7.3,C03,TAGACGGA,G-45696
i7.3,D03,TAGACGGA,G-45696
i7.3,E03,TAGACGGA,G-45696
i7.3,F03,TAGACGGA,G-45696
i7.3,G03,TAGACGGA,G-45696
i7.3,H03,TAGACGGA,G-45696
i7.3,A04,TGTGAAGA,G-45697
i7.3,B04,TGTGAAGA,G-45697
i7.3,C04,TGTGAAGA,G-45697
i7.3,D04,TGTGAAGA,G-45697
i7.3,E04,TGTGAAGA,G-45697
i7.3,F04,TGTGAAGA,G-45697
i7.3,G04,TGTGAAGA,G-45697
i7.3,H04,TGTGAAGA,G-45697
i7.3,A05,TCTCTTCA,G-45698
i7.3,B05,TCTCTTCA,G-45698
i7.3,C05,TCTCTTCA,G-45698
i7.3,D05,TCTCTTCA,G-45698
i7.3,E05,TCTCTTCA,G-45698
i7.3,F05,TCTCTTCA,G-45698
i7.3,G05,TCTCTTCA,G-45698
i7.3,H05,TCTCTTCA,G-45698
i7.3,A06,TTGTTCCA,G-45699
i7.3,B06,TTGTTCCA,G-45699
i7.3,C06,TTGTTCCA,G-45699
i7.3,D06,TTGTTCCA,G-45699
i7.3,E06,TTGTTCCA,G-45699
i7.3,F06,TTGTTCCA,G-45699
i7.3,G06,TTGTTCCA,G-45699
i7.3,H06,TTGTTCCA,G-45699
i7.3,A07,TGAAGCCA,G-45700
i7.3,B07,TGAAGCCA,G-45700
i7.3,C07,TGAAGCCA,G-45700
i7.3,D07,TGAAGCCA,G-45700
i7.3,E07,TGAAGCCA,G-45700
i7.3,F07,TGAAGCCA,G-45700
i7.3,G07,TGAAGCCA,G-45700
i7.3,H07,TGAAGCCA,G-45700
i7.3,A08,TACCACCA,G-45701
i7.3,B08,TACCACCA,G-45701
i7.3,C08,TACCACCA,G-45701
i7.3,D08,TACCACCA,G-45701
i7.3,E08,TACCACCA,G-45701
i7.3,F08,TACCACCA,G-45701
i7.3,G08,TACCACCA,G-45701
i7.3,H08,TACCACCA,G-45701
i7.3,A09,TGCGTGAA,G-45702
i7.3,B09,TGCGTGAA,G-45702
i7.3,C09,TGCGTGAA,G-45702
i7.3,D09,TGCGTGAA,G-45702
i7.3,E09,TGCGTGAA,G-45702
i7.3,F09,TGCGTGAA,G-45702
i7.3,G09,TGCGTGAA,G-45702
i7.3,H09,TGCGTGAA,G-45702
i7.3,A10,GGTGAGTT,G-45703
i7.3,B10,GGTGAGTT,G-45703
i7.3,C10,GGTGAGTT,G-45703
i7.3,D10,GGTGAGTT,G-45703
i7.3,E10,GGTGAGTT,G-45703
i7.3,F10,GGTGAGTT,G-45703
i7.3,G10,GGTGAGTT,G-45703
i7.3,H10,GGTGAGTT,G-45703
i7.3,A11,GATCTCTT,G-45704
i7.3,B11,GATCTCTT,G-45704
i7.3,C11,GATCTCTT,G-45704
i7.3,D11,GATCTCTT,G-45704
i7.3,E11,GATCTCTT,G-45704
i7.3,F11,GATCTCTT,G-45704
i7.3,G11,GATCTCTT,G-45704
i7.3,H11,GATCTCTT,G-45704
i7.3,A12,GTGTCCTT,G-45705
i7.3,B12,GTGTCCTT,G-45705
i7.3,C12,GTGTCCTT,G-45705
i7.3,D12,GTGTCCTT,G-45705
i7.3,E12,GTGTCCTT,G-45705
i7.3,F12,GTGTCCTT,G-45705
i7.3,G12,GTGTCCTT,G-45705
i7.3,H12,GTGTCCTT,G-45705
i7.4,A01,GACGGATT,G-48072
i7.4,B01,GACGGATT,G-48072
i7.4,C01,GACGGATT,G-48072
i7.4,D01,GACGGATT,G-48072
i7.4,E01,GACGGATT,G-48072
i7.4,F01,GACGGATT,G-48072
i7.4,G01,GACGGATT,G-48072
i7.4,H01,GACGGATT,G-48072
i7.4,A02,GCAACATT,G-48073
i7.4,B02,GCAACATT,G-48073
i7.4,C02,GCAACATT,G-48073
i7.4,D02,GCAACATT,G-48073
i7.4,E02,GCAACATT,G-48073
i7.4,F02,GCAACATT,G-48073
i7.4,G02,GCAACATT,G-48073
i7.4,H02,GCAACATT,G-48073
i7.4,A03,GGTCGTGT,G-48074
i7.4,B03,GGTCGTGT,G-48074
i7.4,C03,GGTCGTGT,G-48074
i7.4,D03,GGTCGTGT,G-48074
i7.4,E03,GGTCGTGT,G-48074
i7.4,F03,GGTCGTGT,G-48074
i7.4,G03,GGTCGTGT,G-48074
i7.4,H03,GGTCGTGT,G-48074
i7.4,A04,GAATCTGT,G-48075
i7.4,B04,GAATCTGT,G-48075
i7.4,C04,GAATCTGT,G-48075
i7.4,D04,GAATCTGT,G-48075
i7.4,E04,GAATCTGT,G-48075
i7.4,F04,GAATCTGT,G-48075
i7.4,G04,GAATCTGT,G-48075
i7.4,H04,GAATCTGT,G-48075
i7.4,A05,GTACATCT,G-48076
i7.4,B05,GTACATCT,G-48076
i7.4,C05,GTACATCT,G-48076
i7.4,D05,GTACATCT,G-48076
i7.4,E05,GTACATCT,G-48076
i7.4,F05,GTACATCT,G-48076
i7.4,G05,GTACATCT,G-48076
i7.4,H05,GTACATCT,G-48076
i7.4,A06,GAGGTGCT,G-48077
i7.4,B06,GAGGTGCT,G-48077
i7.4,C06,GAGGTGCT,G-48077
i7.4,D06,GAGGTGCT,G-48077
i7.4,E06,GAGGTGCT,G-48077
i7.4,F06,GAGGTGCT,G-48077
i7.4,G06,GAGGTGCT,G-48077
i7.4,H06,GAGGTGCT,G-48077
i7.4,A07,GCATGGCT,G-48078
i7.4,B07,GCATGGCT,G-48078
i7.4,C07,GCATGGCT,G-48078
i7.4,D07,GCATGGCT,G-48078
i7.4,E07,GCATGGCT,G-48078
i7.4,F07,GCATGGCT,G-48078
i7.4,G07,GCATGGCT,G-48078
i7.4,H07,GCATGGCT,G-48078
i7.4,A08,GTTAGCCT,G-48079
i7.4,B08,GTTAGCCT,G-48079
i7.4,C08,GTTAGCCT,G-48079
i7.4,D08,GTTAGCCT,G-48079
i7.4,E08,GTTAGCCT,G-48079
i7.4,F08,GTTAGCCT,G-48079
i7.4,G08,GTTAGCCT,G-48079
i7.4,H08,GTTAGCCT,G-48079
i7.4,A09,GTCGCTAT,G-48080
i7.4,B09,GTCGCTAT,G-48080
i7.4,C09,GTCGCTAT,G-48080
i7.4,D09,GTCGCTAT,G-48080
i7.4,E09,GTCGCTAT,G-48080
i7.4,F09,GTCGCTAT,G-48080
i7.4,G09,GTCGCTAT,G-48080
i7.4,H09,GTCGCTAT,G-48080
i7.4,A10,GGAATGAT,G-48081
i7.4,B10,GGAATGAT,G-48081
i7.4,C10,GGAATGAT,G-48081
i7.4,D10,GGAATGAT,G-48081
i7.4,E10,GGAATGAT,G-48081
i7.4,F10,GGAATGAT,G-48081
i7.4,G10,GGAATGAT,G-48081
i7.4,H10,GGAATGAT,G-48081
i7.4,A11,GAGCCAAT,G-48082
i7.4,B11,GAGCCAAT,G-48082
i7.4,C11,GAGCCAAT,G-48082
i7.4,D11,GAGCCAAT,G-48082
i7.4,E11,GAGCCAAT,G-48082
i7.4,F11,GAGCCAAT,G-48082
i7.4,G11,GAGCCAAT,G-48082
i7.4,H11,GAGCCAAT,G-48082
i7.4,A12,GCTCCTTG,G-48083
i7.4,B12,GCTCCTTG,G-48083
i7.4,C12,GCTCCTTG,G-48083
i7.4,D12,GCTCCTTG,G-48083
i7.4,E12,GCTCCTTG,G-48083
i7.4,F12,GCTCCTTG,G-48083
i7.4,G12,GCTCCTTG,G-48083
i7.4,H12,GCTCCTTG,G-48083
